fuelLevel,generatorOutput,pipelinePressure,vibration,roomTemp
61.0,39.1,3.76,0.062,22.4
63.3,41.3,3.45,0.025,21.5
11.0,19.0,8.27,0.266,27.1
86.5,40.1,3.65,0.077,20.7
63.7,47.7,4.37,0.066,22.6
97.0,40.7,4.28,0.068,22.1
81.9,45.6,3.47,0.026,20.4
12.0,9.7,9.72,0.149,30.6
86.7,45.3,3.51,0.054,21.7
77.6,39.0,4.88,0.058,20.1
89.2,35.8,4.71,0.066,21.0
32.4,17.6,8.24,0.191,36.1
70.1,38.7,4.3,0.028,21.9
75.2,38.3,5.0,0.046,19.5
8.3,18.7,1.51,0.189,33.0
69.6,43.3,4.91,0.058,19.6
88.5,46.5,3.94,0.031,19.8
26.7,20.2,1.76,0.277,30.0
83.1,37.3,4.62,0.048,22.9
60.0,39.9,3.43,0.075,23.4
71.7,35.9,4.8,0.076,19.4
62.6,46.4,4.63,0.019,21.4
70.1,48.1,4.08,0.025,21.7
67.6,39.7,4.99,0.055,21.2
64.6,38.4,3.94,0.051,20.2
62.7,44.5,3.77,0.073,23.3
12.1,19.4,7.96,0.164,31.7
63.6,44.9,3.97,0.039,23.3
24.6,19.0,0.48,0.165,28.9
76.0,39.2,3.8,0.075,21.2
80.9,35.8,5.0,0.069,23.8
92.3,37.5,4.18,0.025,21.0
16.4,24.8,10.24,0.171,34.0
89.8,44.9,4.18,0.023,20.1
27.1,9.0,7.68,0.211,35.5
96.5,36.2,3.7,0.052,22.4
64.6,48.4,3.79,0.052,22.1
82.2,42.8,4.9,0.024,22.6
75.0,45.1,3.88,0.032,22.8
18.7,25.0,1.79,0.211,28.3
62.6,38.7,3.86,0.041,21.7
97.4,47.1,4.25,0.057,21.8
63.9,48.2,3.82,0.072,22.7
70.7,38.2,3.95,0.058,23.3
69.5,48.6,3.48,0.054,23.1
15.0,10.2,8.07,0.219,31.3
7.3,23.0,9.41,0.225,28.5
71.7,48.5,4.67,0.07,23.5
69.5,36.5,4.65,0.072,21.0
65.9,48.9,4.78,0.078,23.1
60.9,46.0,3.93,0.075,23.0
90.8,39.0,4.66,0.018,23.4
68.5,47.2,4.14,0.031,23.0
60.9,37.9,3.93,0.071,23.8
84.4,41.0,4.97,0.048,23.7
96.9,37.7,4.94,0.029,19.5
87.7,39.7,4.37,0.046,20.9
69.7,45.6,3.4,0.075,21.7
88.2,45.1,3.98,0.015,22.3
71.9,47.7,4.55,0.031,20.5
75.3,39.4,3.6,0.039,23.7
94.3,44.2,3.88,0.048,19.0
76.3,43.7,4.45,0.043,21.2
78.0,48.5,4.67,0.022,19.4
84.1,40.0,4.71,0.063,22.4
67.6,35.4,3.79,0.043,23.2
17.4,18.7,9.94,0.192,28.5
93.9,47.9,4.82,0.064,20.1
86.4,42.0,4.29,0.074,19.6
77.7,43.0,4.29,0.032,22.8
91.0,48.4,4.08,0.073,21.2
92.7,41.8,4.6,0.069,20.4
78.4,38.6,4.1,0.06,20.2
93.9,36.2,3.64,0.037,19.8
75.8,40.0,4.15,0.014,23.2
89.3,49.2,3.43,0.072,21.9
95.8,39.5,4.02,0.072,23.2
87.9,47.0,4.84,0.044,20.4
74.8,45.0,4.68,0.061,23.2
97.3,43.0,4.85,0.051,22.3
76.3,48.0,3.69,0.028,20.6
72.8,48.2,3.85,0.077,21.1
77.9,46.2,3.48,0.077,20.1
33.7,8.7,0.44,0.232,29.4
64.3,49.2,4.14,0.028,20.8
96.6,45.8,4.64,0.021,20.6
95.3,43.6,4.85,0.036,23.7
82.5,47.5,3.79,0.059,20.5
90.6,46.9,4.31,0.013,21.7
62.6,44.7,3.42,0.039,21.5
73.8,48.4,4.14,0.021,19.9
84.7,44.2,4.87,0.064,21.3
82.5,39.8,3.79,0.075,20.4
88.5,43.5,4.47,0.034,21.5
78.5,40.3,3.81,0.03,22.0
81.1,42.7,3.71,0.027,21.0
69.1,42.1,4.54,0.041,19.1
75.4,38.6,4.46,0.036,21.8
97.9,43.3,3.96,0.042,20.5
87.4,39.7,4.59,0.077,22.5
88.1,39.1,4.34,0.063,22.0
91.6,39.4,3.98,0.031,22.5
61.7,35.8,3.87,0.076,22.2
63.9,35.2,3.85,0.044,20.7
69.6,47.9,3.58,0.015,21.5
86.1,37.3,4.7,0.076,19.4
81.2,41.2,4.35,0.053,22.9
94.5,39.5,4.34,0.04,21.8
33.8,9.7,9.69,0.239,28.6
62.9,35.0,4.12,0.052,20.5
86.9,45.5,4.13,0.058,23.6
83.8,44.9,4.89,0.04,21.7
94.5,47.4,3.51,0.022,20.5
81.6,39.3,3.6,0.058,22.5
79.0,42.4,3.53,0.013,21.2
69.5,36.4,4.94,0.069,21.9
98.0,45.1,3.83,0.013,22.8
84.8,48.7,3.69,0.051,22.2
63.5,40.2,3.93,0.057,23.3
86.4,39.3,4.91,0.067,21.8
72.0,39.8,4.95,0.038,21.6
85.0,43.1,4.06,0.023,20.8
83.8,46.4,3.73,0.048,23.6
86.5,36.8,4.96,0.053,20.2
80.9,43.3,3.55,0.079,23.6
64.5,47.5,4.2,0.06,21.5
91.7,49.7,3.79,0.049,20.9
79.3,48.2,4.78,0.029,23.0
95.5,42.6,4.71,0.03,20.5
98.0,42.3,3.64,0.048,20.7
80.7,41.8,3.91,0.023,22.5
68.9,46.6,3.47,0.062,22.5
74.7,45.0,4.71,0.079,21.5
20.1,18.0,10.56,0.138,36.1
9.3,22.8,7.76,0.181,33.9
92.4,47.8,4.77,0.037,20.6
88.9,48.1,3.46,0.015,22.2
97.9,46.2,4.09,0.017,22.2
76.9,45.4,4.85,0.013,23.0
74.2,37.2,4.25,0.05,23.0
63.0,48.1,4.39,0.027,23.6
77.5,38.8,3.81,0.011,23.0
85.7,37.4,4.11,0.034,21.9
76.1,38.8,4.75,0.024,20.9
69.0,43.6,4.32,0.079,20.5
85.0,39.1,4.31,0.058,22.7
23.2,16.4,1.67,0.229,30.5
83.6,45.2,4.55,0.056,23.2
94.3,44.7,3.89,0.041,21.9
63.4,39.4,4.6,0.022,19.7
96.9,43.0,4.86,0.068,20.3
78.3,47.1,4.59,0.034,19.6
65.3,49.5,4.78,0.061,23.9
90.6,40.5,4.67,0.011,21.7
85.6,45.1,4.34,0.068,23.7
68.9,35.4,4.81,0.049,23.6
62.4,47.4,4.86,0.031,21.0
96.0,39.6,4.19,0.017,23.4
77.2,45.1,4.59,0.076,21.1
65.9,41.2,3.56,0.044,21.0
61.2,40.6,4.11,0.077,23.3
86.1,43.2,4.96,0.035,21.0
64.6,47.7,4.13,0.056,22.2
60.8,46.8,3.79,0.019,21.8
28.0,11.5,10.54,0.259,34.9
70.5,49.8,4.98,0.048,23.0
92.9,37.0,3.97,0.065,21.9
13.0,10.2,0.99,0.206,34.8
64.1,42.6,4.91,0.013,22.9
79.8,41.9,4.94,0.014,21.4
86.1,42.4,4.86,0.015,19.4
62.5,39.1,4.41,0.048,20.6
80.2,41.8,4.37,0.017,22.5
84.7,46.5,4.55,0.025,21.3
72.9,41.8,4.07,0.017,21.1
74.2,37.3,4.88,0.015,23.2
63.7,46.1,4.7,0.049,21.9
72.5,36.8,3.97,0.057,22.8
87.4,49.5,4.36,0.035,21.9
85.0,38.4,3.57,0.069,20.8
81.8,47.1,4.75,0.078,23.1
84.4,35.4,4.89,0.068,20.3
86.7,39.6,3.94,0.01,23.3
75.2,37.1,4.41,0.012,22.7
76.0,40.1,3.99,0.061,22.9
63.2,35.8,3.65,0.053,22.4
85.2,42.3,4.11,0.029,22.8
76.3,39.2,4.49,0.044,22.3
16.9,18.2,0.41,0.258,34.6
64.6,42.5,4.09,0.019,21.7
81.2,45.0,3.97,0.038,22.7
77.5,36.2,3.9,0.04,21.0
71.0,41.1,4.95,0.022,23.7
86.2,40.4,4.1,0.017,21.2
63.0,48.1,4.59,0.026,22.9
24.0,17.0,10.22,0.251,35.2
69.0,37.2,3.72,0.052,22.8
66.7,46.6,4.19,0.063,22.8
95.1,43.5,4.42,0.054,23.3
65.7,36.0,4.11,0.031,20.4
20.2,13.3,7.7,0.134,35.6
83.4,42.6,4.14,0.049,23.0
77.1,47.1,4.44,0.033,21.4
62.4,36.6,4.84,0.034,22.6
66.6,38.7,4.1,0.041,21.6
74.2,39.2,4.05,0.034,22.0
84.6,36.0,3.55,0.057,20.4
84.9,48.6,4.8,0.033,21.9
73.3,49.5,4.52,0.037,22.0
71.8,40.7,4.67,0.067,22.4
88.1,45.3,4.24,0.055,21.1
73.8,37.7,3.74,0.076,21.4
65.2,36.2,4.75,0.017,22.9
93.6,35.6,3.94,0.064,19.7
66.2,47.5,4.63,0.067,19.8
75.6,45.1,3.78,0.041,20.4
77.1,43.0,3.9,0.067,21.3
74.0,49.2,4.98,0.042,20.4
80.0,49.5,4.71,0.066,19.7
84.4,48.1,4.29,0.017,23.2
70.8,46.4,3.84,0.073,19.7
96.0,38.3,4.12,0.034,19.1
20.1,12.0,1.79,0.177,28.0
72.7,37.2,3.46,0.074,21.4
88.8,42.0,4.38,0.073,19.1
65.7,49.1,4.37,0.04,22.9
64.6,38.6,4.42,0.054,19.3
79.0,43.0,4.41,0.05,22.6
60.1,40.3,4.31,0.023,22.3
73.7,49.3,4.27,0.065,21.5
31.2,8.7,0.94,0.184,27.7
85.0,36.6,4.33,0.063,19.7
72.9,44.6,4.73,0.058,23.9
66.9,37.0,4.55,0.076,19.2
90.1,48.3,3.9,0.032,21.0
78.0,35.5,4.44,0.03,23.3
24.7,12.6,9.03,0.254,35.9
97.0,42.4,4.2,0.075,21.6
87.6,36.2,4.36,0.068,21.7
63.0,44.9,3.89,0.052,21.1
73.4,35.6,4.79,0.035,24.0
97.2,49.2,3.52,0.055,20.8
85.8,49.3,3.63,0.053,22.9
7.0,21.2,0.91,0.229,33.8
74.1,46.4,4.32,0.047,21.0
69.5,36.7,4.58,0.045,20.9
69.9,38.9,4.11,0.08,20.4
78.7,36.8,4.76,0.042,23.5
63.3,45.2,4.75,0.032,20.7
21.3,23.2,1.59,0.263,32.1
67.6,37.1,4.66,0.012,21.8
90.5,43.3,4.38,0.016,20.5
87.3,42.9,4.63,0.068,19.4
84.4,41.7,4.49,0.034,23.4
84.3,37.7,4.95,0.04,23.6
8.7,10.6,0.63,0.182,36.4
92.1,38.8,4.42,0.049,19.6
80.3,42.5,3.67,0.076,19.8
87.4,44.1,4.75,0.049,23.1
6.4,18.9,9.78,0.231,27.3
80.7,44.6,3.88,0.027,23.0
77.2,45.3,3.65,0.039,21.3
65.5,47.9,3.91,0.079,20.7
88.9,42.7,3.57,0.027,19.6
65.4,35.8,4.91,0.07,21.1
94.3,47.2,4.89,0.06,19.9
97.8,42.0,4.81,0.045,19.5
77.4,38.6,4.33,0.013,20.4
92.0,45.1,3.86,0.011,19.5
70.0,40.5,4.05,0.013,19.3
73.8,39.3,4.02,0.042,21.7
83.7,44.2,3.61,0.017,20.9
81.2,40.5,3.63,0.052,21.0
6.2,20.1,1.53,0.229,32.2
83.3,37.4,4.98,0.062,20.5
91.5,43.0,4.53,0.031,23.1
85.6,49.7,4.33,0.066,22.6
61.0,42.1,4.95,0.065,22.9
87.4,43.8,3.67,0.054,22.1
65.6,45.2,3.45,0.076,19.5
14.4,10.6,8.94,0.277,34.4
9.1,11.5,9.82,0.176,28.7
73.0,40.3,4.64,0.06,22.2
83.2,37.9,3.79,0.049,20.1
71.3,39.3,3.73,0.059,20.6
95.5,46.9,3.84,0.019,22.4
97.2,47.3,4.93,0.066,20.5
87.1,40.2,4.11,0.028,21.4
80.5,49.0,4.51,0.02,22.1
69.2,45.0,4.25,0.055,19.3
87.3,36.5,4.63,0.01,21.8
75.5,49.0,4.81,0.043,20.0
72.2,44.7,4.85,0.016,21.9
87.5,49.1,4.86,0.022,23.4
94.9,50.0,4.04,0.045,23.7
95.2,48.2,3.41,0.05,19.5
70.8,49.8,4.27,0.045,23.7
77.8,37.9,3.58,0.021,21.3
67.1,46.0,4.67,0.05,22.8
92.5,48.5,4.72,0.046,19.4
67.0,37.1,3.92,0.027,20.3
88.6,49.3,3.88,0.061,19.1
86.3,35.9,3.59,0.031,21.0
94.0,45.6,3.9,0.018,23.6
83.4,38.3,3.61,0.021,22.7
75.8,43.2,4.15,0.048,22.3
69.4,46.3,4.8,0.016,21.2
63.0,43.5,3.5,0.048,21.5
65.7,39.9,4.23,0.018,20.0
63.5,42.7,4.69,0.042,21.6
62.2,41.9,4.69,0.061,21.0
88.3,43.7,3.47,0.034,19.3
95.5,36.0,4.89,0.012,21.0
89.1,49.7,4.43,0.039,24.0
93.0,48.6,4.0,0.058,22.3
84.8,40.2,3.69,0.048,21.6
68.5,35.1,3.44,0.031,22.4
80.2,47.4,3.8,0.034,20.4
87.6,36.7,4.7,0.039,22.8
60.6,38.1,3.56,0.012,22.0
61.8,46.1,4.04,0.026,20.1
62.1,42.6,3.86,0.067,22.7
82.7,45.1,3.91,0.031,19.7
68.4,39.5,3.5,0.076,23.4
83.8,41.4,4.19,0.078,23.7
89.9,39.8,4.07,0.02,20.9
78.0,47.7,3.88,0.06,23.0
81.4,49.5,4.29,0.019,20.2
84.6,48.8,4.76,0.016,22.6
70.2,45.1,4.36,0.071,19.9
87.5,43.4,4.17,0.071,20.7
60.6,49.1,4.94,0.018,24.0
69.2,44.1,3.73,0.074,21.8
74.5,43.0,3.97,0.028,21.6
63.7,49.7,4.15,0.069,23.6
75.7,43.4,3.75,0.02,20.3
82.0,41.3,3.64,0.033,20.9
79.0,44.8,4.5,0.028,23.1
84.4,42.4,3.67,0.066,19.8
78.6,48.8,4.27,0.055,19.3
30.4,24.1,10.18,0.145,33.3
9.5,11.7,7.71,0.239,27.2
75.6,35.3,4.56,0.048,20.4
86.5,41.5,4.9,0.023,23.6
69.2,44.3,3.8,0.035,23.0
33.8,15.8,9.94,0.243,35.5
92.6,46.4,3.55,0.037,21.8
5.3,10.9,9.02,0.222,35.6
80.1,35.6,3.74,0.071,23.4
61.8,36.1,4.88,0.073,21.8
32.9,13.3,9.55,0.287,30.0
81.5,47.7,4.48,0.048,20.9
90.0,45.3,3.53,0.062,20.7
68.8,36.1,4.37,0.053,22.0
72.4,44.5,4.65,0.042,20.1
74.3,37.8,4.34,0.037,22.9
69.4,36.1,3.83,0.037,22.9
74.8,40.4,3.55,0.076,21.2
63.9,36.3,4.09,0.049,21.6
63.4,43.3,4.36,0.065,23.3
17.4,21.2,1.41,0.223,28.7
65.3,39.5,4.19,0.014,21.2
78.4,36.2,3.8,0.027,22.1
67.4,36.6,3.89,0.076,20.7
90.6,39.9,3.94,0.067,23.3
65.2,39.8,4.92,0.024,20.6
96.8,39.4,4.51,0.044,21.9
74.3,47.2,4.03,0.018,21.8
80.7,45.2,4.28,0.077,21.3
76.7,39.4,4.51,0.067,23.0
79.0,44.5,3.79,0.056,22.6
62.8,49.9,4.17,0.038,21.5
86.3,43.2,4.67,0.035,23.5
84.3,36.3,4.63,0.056,20.8
61.7,49.8,4.48,0.038,22.8
76.4,35.2,3.81,0.046,21.6
81.9,41.7,4.03,0.064,21.9
73.1,35.4,3.57,0.039,23.8
95.7,37.1,3.9,0.042,20.0
78.1,41.6,4.51,0.032,20.5
64.4,47.7,4.44,0.057,19.8
69.3,37.6,3.66,0.049,23.8
75.4,37.8,4.42,0.04,19.1
67.5,43.9,4.02,0.059,20.0
90.7,35.9,3.56,0.071,19.9
77.4,38.9,4.78,0.047,22.2
83.2,43.8,3.96,0.069,22.1
86.8,39.5,4.38,0.016,19.7
71.6,37.7,4.51,0.046,21.1
74.6,37.8,4.42,0.059,22.2
81.1,42.3,3.62,0.032,21.3
15.8,8.2,10.35,0.194,31.9
76.9,37.5,4.3,0.066,20.1
11.7,12.9,9.48,0.219,28.1
89.5,47.3,3.99,0.068,19.2
80.8,49.8,3.56,0.068,22.8
98.0,41.7,3.96,0.067,21.2
89.5,38.6,4.7,0.051,20.8
84.0,37.5,3.62,0.024,20.0
15.5,12.8,8.63,0.172,29.7
97.4,45.2,3.55,0.077,22.9
97.7,48.0,3.6,0.071,20.2
91.5,46.4,4.48,0.044,21.9
75.7,41.8,4.41,0.072,19.5
70.6,49.0,3.99,0.077,20.6
28.2,20.5,9.1,0.273,35.0
96.8,47.4,4.19,0.033,20.4
65.0,47.8,4.66,0.073,22.8
23.8,22.2,0.42,0.199,27.0
67.7,45.3,3.61,0.055,19.8
70.4,44.8,3.8,0.036,23.5
75.1,39.6,4.52,0.026,22.3
60.0,42.2,3.61,0.026,22.4
25.9,21.9,1.78,0.206,29.3
90.6,36.5,3.99,0.031,20.9
93.2,44.6,4.48,0.015,21.8
66.2,40.3,3.74,0.062,23.6
76.8,38.3,4.83,0.02,19.6
73.4,41.4,4.67,0.027,22.2
82.8,45.8,3.86,0.076,19.1
93.3,38.1,4.37,0.023,21.0
89.8,46.9,3.78,0.037,20.2
62.7,48.3,3.42,0.035,20.6
91.9,41.3,4.27,0.022,21.4
62.8,43.8,3.42,0.025,23.6
75.1,39.3,4.54,0.064,21.1
84.3,43.1,3.64,0.016,19.4
97.0,37.3,3.92,0.051,22.8
84.4,39.7,4.1,0.077,20.2
95.1,36.7,4.38,0.014,22.3
66.7,35.2,3.62,0.011,21.5
79.7,47.3,3.81,0.036,22.7
87.9,36.8,4.84,0.033,21.1
70.0,49.6,4.4,0.045,21.6
30.8,10.8,0.62,0.161,32.1
30.9,12.2,1.06,0.152,36.6
29.1,20.1,1.32,0.195,34.2
63.0,40.6,4.2,0.073,19.9
97.3,49.3,3.51,0.043,20.4
72.4,43.3,3.41,0.024,21.8
83.7,42.0,4.35,0.045,22.9
94.2,46.4,3.79,0.01,21.1
73.2,47.6,4.8,0.077,19.0
92.3,45.9,3.57,0.047,20.2
62.3,50.0,4.54,0.017,23.6
79.8,45.5,4.0,0.078,19.4
65.1,47.3,3.52,0.05,21.2
69.0,38.9,3.9,0.066,22.5
72.1,39.1,3.52,0.024,22.9
65.9,37.5,4.15,0.038,21.7
67.9,39.6,3.82,0.018,19.8
91.4,45.5,3.46,0.069,20.6
69.4,40.3,4.22,0.057,20.3
61.2,41.1,4.12,0.062,20.2
90.5,37.1,3.42,0.068,23.9
91.3,40.6,4.41,0.055,21.9
90.9,35.3,3.5,0.073,21.2
94.4,47.4,3.93,0.013,21.3
81.8,47.3,4.03,0.012,22.4
68.2,37.8,3.85,0.072,19.2
69.3,39.4,4.06,0.049,19.3
65.2,38.0,4.82,0.047,22.2
90.2,49.8,4.65,0.035,21.7
94.7,42.5,4.02,0.023,20.6
94.0,46.7,3.49,0.079,21.6
98.0,49.6,3.56,0.056,20.3
94.9,35.8,4.99,0.025,23.2
73.5,47.6,4.75,0.022,22.0
86.5,48.7,3.45,0.059,23.7
81.4,37.8,4.98,0.072,21.5
78.6,36.4,3.77,0.025,21.6
32.5,11.4,10.01,0.131,28.5
65.4,36.7,4.24,0.036,19.4
85.2,43.8,3.94,0.033,23.9
76.6,44.6,4.18,0.032,22.5
93.8,44.2,3.97,0.057,23.1
87.9,39.4,3.68,0.01,22.5
92.3,46.6,4.31,0.023,20.6
83.2,44.6,3.57,0.045,20.7
15.4,13.4,10.87,0.2,29.7
62.6,38.8,3.57,0.01,20.9
96.8,48.3,4.19,0.037,21.7
78.2,48.0,4.44,0.058,19.8
30.4,13.0,0.85,0.182,35.9
62.9,49.1,4.96,0.034,23.9
86.8,41.5,4.45,0.053,21.2
14.9,24.6,9.44,0.239,30.0
74.9,43.2,4.19,0.014,19.0
91.3,44.4,4.17,0.017,20.0
97.1,42.1,3.58,0.065,21.4
70.1,44.6,4.02,0.036,20.9
61.7,41.6,3.82,0.069,21.8
86.5,36.5,4.47,0.067,21.1
68.6,35.9,4.02,0.047,23.8
95.6,43.6,3.78,0.031,21.0
61.3,43.6,4.23,0.05,23.9
96.1,41.7,4.92,0.022,20.1
61.6,36.2,4.49,0.024,23.1
82.6,39.8,4.56,0.067,19.4
81.0,47.8,4.23,0.074,19.1
82.3,46.7,3.58,0.02,21.8
96.7,36.5,3.57,0.065,22.9
93.4,48.2,3.82,0.056,21.9
66.5,41.0,4.39,0.058,21.0
93.4,45.4,3.48,0.043,20.3
72.8,46.9,3.9,0.069,23.3
97.0,38.4,3.88,0.062,22.9
87.7,44.1,3.54,0.041,23.6
78.4,42.7,4.0,0.014,23.0
26.3,14.9,1.49,0.151,35.8
62.2,35.5,3.48,0.035,20.0
77.6,41.0,4.88,0.058,20.2
77.0,49.4,4.16,0.049,20.7
69.8,47.5,3.54,0.012,19.2
89.6,38.2,3.75,0.026,20.0
79.5,48.0,4.95,0.058,21.4
66.6,47.0,3.76,0.053,23.7
87.0,39.1,4.83,0.07,21.3
71.5,42.8,4.4,0.051,19.0
96.7,47.6,4.3,0.052,20.4
78.3,40.0,3.84,0.033,20.4
96.2,44.8,3.7,0.046,20.2
30.7,21.8,0.97,0.25,33.6
69.9,41.3,4.02,0.012,22.5
67.2,45.9,3.76,0.047,22.9
85.5,42.6,4.75,0.069,23.4
63.7,36.9,3.81,0.067,22.8
85.8,40.0,3.54,0.035,22.7
89.9,40.0,3.82,0.031,23.3
92.9,43.8,4.91,0.015,23.4
93.0,40.7,3.88,0.014,23.3
67.6,41.1,4.31,0.073,21.3
87.2,46.7,4.18,0.054,19.9
60.2,39.1,4.62,0.022,22.8
89.0,36.3,4.38,0.054,21.0
74.6,35.6,3.72,0.036,19.1
91.7,37.9,4.48,0.054,20.2
73.1,36.9,4.01,0.051,19.8
71.3,39.4,4.56,0.052,20.7
97.8,40.1,4.84,0.035,19.9
94.9,41.1,3.77,0.061,19.7
82.4,37.5,3.99,0.056,19.2
69.7,43.0,3.48,0.08,22.3
60.8,45.3,4.07,0.037,21.7
65.8,45.4,4.41,0.031,22.3
70.3,44.1,3.62,0.068,19.5
64.5,36.7,3.57,0.024,20.0
79.9,38.0,4.53,0.031,19.2
67.9,49.0,3.93,0.01,22.4
91.7,45.0,3.64,0.016,21.6
63.8,38.8,3.77,0.079,20.5
63.8,37.6,3.46,0.03,23.0
88.1,36.4,4.61,0.013,23.3
66.5,40.4,4.1,0.054,23.4
91.0,37.7,4.04,0.077,20.4
92.3,47.0,4.44,0.066,19.6
62.2,49.1,3.66,0.039,22.0
85.8,37.7,4.01,0.035,19.1
91.9,49.6,3.61,0.074,19.6
61.7,38.9,3.9,0.059,22.4
81.9,43.5,4.96,0.057,20.7
86.6,36.4,4.46,0.027,20.7
74.6,47.6,4.29,0.079,19.3
66.0,47.7,4.76,0.071,19.4
69.2,49.6,3.48,0.026,22.2
68.9,41.9,4.68,0.041,23.3
64.5,42.5,4.45,0.017,21.1
60.0,36.4,4.37,0.053,20.5
67.9,45.1,4.92,0.035,19.3
77.3,43.4,4.39,0.043,22.3
64.3,46.4,3.75,0.034,23.1
71.1,42.8,4.52,0.013,19.8
87.2,45.8,3.57,0.053,19.9
74.9,41.9,4.65,0.06,19.5
95.2,47.6,4.34,0.064,21.3
96.3,37.0,4.2,0.047,19.2
91.9,42.2,4.21,0.074,19.9
87.8,36.9,4.02,0.052,23.4
74.6,49.7,4.87,0.063,20.4
96.9,41.8,3.61,0.039,22.5
71.4,45.5,4.78,0.06,23.7
67.6,44.4,3.86,0.034,22.4
84.7,49.4,4.21,0.059,20.6
73.4,42.2,4.31,0.057,21.1
92.0,39.3,4.76,0.067,21.6
9.4,19.4,0.68,0.297,33.8
62.4,46.8,3.73,0.048,20.8
83.4,45.1,4.3,0.026,22.2
79.4,47.0,4.51,0.059,19.2
75.8,46.8,4.5,0.078,19.3
67.7,48.0,4.78,0.041,20.1
87.0,40.5,4.34,0.062,20.0
67.4,41.7,4.97,0.015,23.8
64.5,35.6,3.85,0.028,19.8
60.2,42.0,4.9,0.013,23.6
89.4,44.4,4.75,0.031,22.9
62.8,45.6,4.24,0.077,21.6
66.1,43.1,4.05,0.034,23.4
72.6,39.4,4.92,0.053,21.4
88.6,44.7,3.58,0.034,20.2
94.9,38.7,3.46,0.072,20.9
64.3,38.8,4.56,0.012,21.6
79.5,42.6,4.18,0.031,22.3
63.1,36.4,4.95,0.064,21.7
68.0,44.4,3.74,0.058,23.2
91.5,48.2,4.59,0.04,23.1
25.6,8.4,1.4,0.13,34.9
81.8,38.4,3.81,0.037,22.2
60.6,45.1,4.26,0.055,22.1
82.3,45.5,3.52,0.075,19.5
71.5,36.3,4.62,0.041,21.0
78.0,43.0,3.62,0.037,23.0
96.5,37.2,4.48,0.074,23.0
74.2,49.2,4.29,0.049,19.6
22.9,17.1,8.57,0.158,36.1
65.4,37.8,4.39,0.028,19.6
81.6,35.8,4.6,0.079,21.7
62.8,45.1,3.8,0.024,21.9
73.6,45.1,3.78,0.03,19.3
78.5,39.9,4.46,0.059,19.8
90.7,49.4,3.67,0.032,22.9
84.4,39.2,3.98,0.058,20.7
76.9,46.6,4.18,0.018,22.2
70.7,47.4,4.83,0.024,22.7
87.6,48.4,4.76,0.054,23.1
89.2,38.2,3.46,0.028,23.5
84.8,37.2,4.03,0.072,21.9
65.1,42.5,3.54,0.035,19.1
96.6,49.7,4.49,0.063,19.7
81.5,43.5,4.8,0.02,22.7
61.5,46.4,3.77,0.029,20.2
79.7,46.9,4.02,0.074,23.4
24.5,9.8,9.72,0.27,29.6
66.6,44.8,3.98,0.056,23.2
74.3,48.6,4.23,0.035,23.3
78.3,44.1,4.2,0.02,19.8
24.3,11.6,0.66,0.239,31.1
64.3,45.1,4.17,0.051,22.2
69.3,36.9,4.35,0.019,21.6
65.6,37.5,4.88,0.046,21.0
84.2,48.2,4.56,0.067,23.7
83.0,42.1,4.17,0.025,21.1
82.1,46.5,4.4,0.046,19.8
95.0,43.9,3.51,0.036,19.7
20.7,23.5,1.36,0.152,36.0
93.4,43.0,4.6,0.017,22.3
80.5,35.0,4.9,0.057,21.2
93.2,45.5,4.09,0.076,21.4
73.3,47.1,4.85,0.069,21.9
69.7,46.5,4.86,0.016,22.0
69.8,35.1,4.59,0.01,21.6
74.3,38.1,4.69,0.039,19.5
82.2,38.9,4.26,0.05,22.1
75.1,38.1,4.28,0.049,19.9
78.4,49.8,4.32,0.064,21.0
92.8,36.8,3.77,0.065,23.7
79.3,46.8,4.68,0.053,22.4
16.7,18.8,10.38,0.287,31.4
11.7,9.4,8.85,0.231,32.2
82.7,49.2,4.71,0.055,21.2
85.0,47.1,3.86,0.012,22.0
68.8,37.5,3.46,0.027,19.0
97.9,46.7,3.97,0.038,21.9
88.0,36.0,3.54,0.03,23.1
73.2,49.4,3.84,0.052,20.0
81.8,38.9,4.05,0.017,19.4
96.0,47.0,4.93,0.071,23.1
86.4,49.5,4.3,0.064,22.8
77.4,41.9,4.34,0.012,19.6
24.0,24.9,8.3,0.194,30.5
86.6,39.0,3.86,0.038,22.7
81.1,37.7,3.9,0.025,21.9
88.4,49.0,3.7,0.062,20.2
70.1,38.4,4.74,0.069,20.8
64.6,36.2,4.93,0.044,19.0
96.4,47.7,3.99,0.032,23.5
81.8,39.1,3.69,0.063,21.6
88.5,36.9,4.24,0.04,23.7
15.4,22.6,1.49,0.246,31.6
60.4,38.2,4.33,0.033,22.1
80.8,38.6,4.15,0.053,20.8
68.0,45.5,4.0,0.07,20.4
65.0,43.6,3.77,0.017,20.3
76.4,40.7,3.63,0.077,19.7
66.7,42.5,4.99,0.069,21.6
89.8,39.5,4.3,0.05,21.0
62.3,47.2,4.16,0.054,21.2
73.7,43.4,4.89,0.028,19.1
93.0,49.4,3.72,0.05,22.2
89.7,40.3,4.48,0.044,22.7
74.5,39.3,4.41,0.02,19.8
72.8,44.5,4.31,0.069,19.4
68.7,39.8,3.87,0.029,22.2
76.9,47.9,3.98,0.051,23.8
67.0,35.3,4.56,0.056,23.7
63.0,37.5,3.56,0.014,23.4
61.0,41.0,4.62,0.016,20.3
84.9,48.3,3.89,0.027,20.4
65.0,47.6,3.45,0.056,23.3
78.1,49.6,4.26,0.029,21.2
86.5,37.7,4.36,0.054,22.2
79.9,44.6,3.9,0.034,21.7
76.8,40.5,3.82,0.031,19.0
92.2,40.2,4.15,0.011,23.6
78.1,35.1,4.09,0.031,20.2
16.2,15.0,1.18,0.249,33.5
68.4,36.2,4.4,0.046,23.0
86.4,39.1,4.44,0.047,20.3
62.6,37.0,3.58,0.042,21.3
78.7,39.8,3.64,0.078,19.1
70.7,36.9,4.1,0.011,19.5
11.5,15.1,9.24,0.203,34.9
92.1,49.3,3.49,0.064,19.4
67.3,47.6,4.71,0.068,19.6
69.5,46.6,4.11,0.062,19.2
89.3,42.8,4.97,0.043,22.4
72.3,44.4,3.47,0.076,21.6
84.3,38.0,4.82,0.07,20.1
84.1,39.9,3.67,0.029,19.6
60.3,35.6,4.65,0.043,22.0
63.4,37.4,3.55,0.053,23.7
83.8,35.9,4.43,0.059,23.0
68.8,49.7,4.66,0.063,23.0
67.3,45.3,3.97,0.019,23.5
76.6,39.4,4.52,0.023,19.9
87.8,39.1,4.73,0.074,21.8
9.7,13.0,0.77,0.26,32.1
93.6,44.3,3.98,0.053,20.6
34.0,21.9,0.67,0.23,30.2
64.2,42.8,3.51,0.068,19.6
67.7,42.3,3.56,0.05,23.2
80.0,45.5,3.81,0.036,22.0
32.9,11.5,1.09,0.204,33.4
88.3,48.4,4.72,0.066,19.3
80.1,46.0,4.74,0.015,20.1
63.8,38.5,4.02,0.024,22.3
96.0,43.4,4.29,0.062,22.8
85.6,45.5,4.08,0.017,23.0
79.2,44.9,4.25,0.052,23.7
80.9,50.0,4.75,0.039,22.2
72.3,38.6,4.27,0.036,21.8
73.7,41.8,4.94,0.01,19.2
60.6,37.0,4.82,0.01,23.9
72.0,46.6,4.91,0.068,23.6
81.7,43.6,3.55,0.042,19.8
93.8,38.7,3.81,0.031,21.9
68.3,36.2,3.92,0.044,21.4
86.7,47.3,3.55,0.055,19.2
74.5,46.7,4.87,0.033,23.4
95.3,36.8,4.63,0.062,23.2
84.1,44.5,3.49,0.047,20.6
72.4,45.5,3.65,0.057,24.0
88.6,43.6,3.54,0.04,22.9
72.8,42.1,4.59,0.048,20.3
76.5,45.5,4.62,0.044,20.0
81.7,43.4,5.0,0.047,20.2
76.3,45.3,4.32,0.018,21.1
67.2,40.2,4.45,0.064,19.8
91.2,47.0,4.4,0.041,23.6
86.0,37.3,4.57,0.016,22.7
83.6,37.2,4.73,0.03,20.7
71.6,42.1,3.93,0.062,20.1
88.5,43.2,4.4,0.079,22.5
74.3,48.6,4.24,0.028,19.3
86.5,39.1,4.14,0.076,19.3
85.2,48.7,3.98,0.018,20.5
74.7,49.7,4.21,0.06,23.5
82.7,36.3,3.72,0.078,21.8
61.5,48.8,3.89,0.044,22.7
25.5,14.0,10.99,0.266,33.3
93.8,47.2,3.45,0.049,20.4
94.1,44.9,3.54,0.037,23.8
83.8,38.4,3.78,0.021,23.9
72.5,43.1,3.73,0.02,21.7
92.8,39.6,4.53,0.047,19.7
97.1,37.2,4.89,0.074,20.6
96.0,36.8,3.91,0.072,22.6
93.4,41.2,4.06,0.041,23.7
95.5,39.1,4.65,0.017,19.9
83.3,39.0,4.31,0.026,20.2
73.7,45.3,4.16,0.045,22.0
74.2,47.8,4.19,0.02,20.0
27.9,8.3,0.78,0.256,27.7
97.5,48.0,4.18,0.033,21.3
75.4,35.6,4.58,0.037,20.6
88.2,43.9,4.24,0.071,22.9
77.2,47.4,3.47,0.08,21.6
87.9,43.4,4.23,0.054,19.2
75.1,39.6,4.72,0.042,21.1
62.1,42.8,3.63,0.068,21.3
64.3,46.7,4.9,0.059,19.7
77.1,37.7,4.34,0.06,20.0
69.5,45.4,4.85,0.066,22.6
64.3,41.7,3.98,0.047,20.9
79.4,49.2,4.01,0.037,22.8
81.5,44.9,3.64,0.071,19.9
75.9,39.6,4.63,0.041,22.1
65.0,38.0,4.4,0.028,21.3
80.7,35.1,4.81,0.027,21.9
75.6,36.2,4.36,0.027,21.7
81.2,47.4,3.48,0.02,22.3
30.6,19.3,1.57,0.129,31.2
85.5,44.2,4.51,0.052,22.9
77.3,43.7,4.89,0.017,20.5
74.4,36.0,4.08,0.049,20.5
86.4,39.1,4.24,0.047,22.5
64.2,45.9,4.41,0.079,21.4
95.5,49.8,3.86,0.053,20.6
97.8,40.3,3.61,0.049,21.6
78.7,37.7,4.38,0.06,23.9
5.7,18.6,10.47,0.195,30.3
84.2,35.2,3.72,0.03,23.0
79.3,39.9,3.41,0.058,20.7
83.4,35.4,3.68,0.033,20.7
94.8,47.0,4.43,0.044,22.1
80.4,40.0,4.65,0.039,22.7
71.4,45.9,3.9,0.048,20.0
90.4,48.3,3.97,0.078,20.4
34.5,18.7,9.5,0.154,28.2
71.7,47.9,4.54,0.029,19.4
74.1,47.4,3.88,0.047,19.9
61.4,38.0,3.55,0.045,23.0
65.9,40.1,4.17,0.071,20.6
89.2,36.5,4.97,0.046,24.0
61.4,40.8,4.78,0.018,20.6
30.4,22.8,0.87,0.214,33.6
81.9,39.7,4.83,0.032,20.0
72.1,41.6,3.59,0.02,20.4
23.7,16.7,8.73,0.169,36.4
81.8,37.6,3.9,0.072,21.7
5.9,23.4,0.47,0.197,28.8
82.5,47.5,4.52,0.053,20.6
87.1,45.1,4.25,0.078,22.8
65.0,47.2,4.87,0.043,21.3
87.0,42.0,3.77,0.026,23.3
94.7,40.9,4.52,0.057,22.9
77.2,35.5,4.16,0.035,21.3
89.2,44.1,3.6,0.017,23.1
72.4,44.7,4.67,0.047,21.0
83.6,43.2,4.96,0.037,20.7
82.5,46.8,4.1,0.065,21.7
85.2,36.2,4.89,0.05,21.4
77.6,43.3,4.72,0.022,23.8
8.3,21.8,8.83,0.236,27.6
65.3,43.7,4.61,0.067,22.8
77.2,39.4,4.38,0.041,20.0
71.4,46.9,4.49,0.074,23.7
94.8,49.9,4.33,0.053,21.6
92.4,35.9,4.84,0.078,19.0
97.2,36.6,3.85,0.012,21.2
83.8,45.7,4.05,0.04,20.1
65.3,43.3,4.75,0.035,21.1
93.2,36.9,3.42,0.055,19.7
85.0,49.6,3.62,0.02,23.0
94.0,45.4,4.89,0.054,21.3
91.2,40.8,3.76,0.04,19.0
87.8,45.7,3.83,0.075,21.9
6.1,16.2,0.92,0.146,34.3
97.4,46.7,4.14,0.015,23.4
78.0,46.1,4.94,0.015,22.2
71.9,35.8,3.95,0.064,21.3
77.8,46.0,4.07,0.077,23.0
61.3,48.8,4.6,0.061,21.8
19.2,10.9,0.47,0.172,27.8
92.4,39.2,3.61,0.03,23.3
8.3,11.0,8.03,0.187,28.8
69.0,37.7,4.24,0.012,23.9
82.6,47.3,4.74,0.063,21.1
85.1,45.9,3.67,0.05,23.2
12.9,21.9,9.12,0.174,34.5
80.2,40.7,4.53,0.043,19.7
60.5,48.9,4.12,0.057,23.8
61.6,48.8,4.42,0.077,21.2
92.6,40.0,3.83,0.017,22.3
89.4,46.2,4.57,0.051,20.0
86.2,37.7,4.28,0.057,23.2
7.9,9.8,8.27,0.165,27.3
62.2,43.9,4.83,0.025,22.0
96.4,36.3,4.37,0.036,22.8
90.5,37.8,3.58,0.023,20.5
62.9,41.8,4.99,0.064,22.5
89.3,38.9,4.65,0.029,19.3
97.8,38.9,4.7,0.022,19.3
67.6,40.9,4.43,0.018,21.7
83.3,36.6,4.11,0.028,19.2
26.8,21.2,0.43,0.288,33.6
86.6,48.6,4.32,0.046,23.7
76.6,47.7,4.65,0.065,21.7
33.6,21.9,9.49,0.18,30.0
34.9,19.0,10.49,0.134,31.6
84.6,37.6,3.46,0.037,20.0
94.1,44.5,3.97,0.016,22.2
65.3,37.9,4.55,0.052,21.4
21.2,13.2,10.42,0.294,27.2
72.8,45.8,4.05,0.025,22.3
95.7,48.1,4.26,0.062,20.2
27.1,16.3,0.43,0.164,33.5
24.0,23.4,1.55,0.27,27.6
64.3,43.9,4.39,0.014,20.0
91.8,46.1,4.04,0.018,22.4
72.2,49.5,3.74,0.013,19.9
13.2,20.9,0.64,0.199,36.3
8.0,22.4,1.26,0.278,27.8
32.8,20.0,8.49,0.245,29.1
79.9,41.2,4.9,0.053,19.2
79.0,49.3,4.4,0.065,20.7
12.1,10.0,7.83,0.275,36.9
77.6,44.4,3.73,0.014,19.6
92.1,48.7,4.2,0.021,23.6
15.9,11.6,9.66,0.128,34.4
66.7,46.8,4.18,0.018,23.5
82.5,39.9,3.72,0.057,20.6
72.4,36.5,4.58,0.071,20.9
77.9,42.3,4.82,0.02,23.6
74.7,37.0,4.55,0.054,23.9
64.8,45.4,3.5,0.02,23.3
66.5,40.2,4.82,0.052,22.9
83.2,37.5,4.95,0.07,19.4
78.6,49.9,4.35,0.069,20.4
88.0,38.7,3.92,0.051,23.5
65.7,43.6,3.41,0.079,19.2
89.2,35.5,4.25,0.044,23.0
77.2,38.6,4.29,0.011,22.7
65.0,39.4,4.44,0.016,21.4
86.7,47.9,4.6,0.012,21.3
93.2,41.1,4.66,0.036,21.3
92.7,36.1,4.83,0.033,19.2
70.3,49.2,4.27,0.066,22.9
93.5,46.0,3.49,0.076,22.4
64.2,40.5,4.39,0.036,19.9
62.5,45.6,3.73,0.079,20.2
78.2,49.1,4.33,0.077,20.0
68.6,40.3,3.83,0.058,20.4
15.4,16.3,7.93,0.201,30.7
86.3,49.7,4.81,0.023,23.4
74.8,37.7,4.93,0.015,19.8
65.6,37.3,3.73,0.077,19.1
85.9,49.0,4.16,0.039,22.7
10.7,8.4,10.42,0.194,30.4
72.4,43.9,4.51,0.069,21.2
65.0,46.8,3.67,0.028,21.4
89.3,35.7,3.96,0.042,19.8
87.0,39.3,4.96,0.069,22.5
65.8,38.6,3.47,0.032,19.6
67.0,43.4,3.46,0.032,20.7
80.5,37.4,3.88,0.074,21.0
65.5,41.9,3.91,0.01,22.7
72.6,45.6,4.16,0.03,23.7
81.8,37.2,4.3,0.073,21.2
87.8,48.5,3.62,0.049,20.5
92.0,41.7,3.55,0.014,22.2
68.4,49.0,3.84,0.012,21.7
85.5,36.3,4.22,0.024,20.6
95.8,48.6,3.98,0.02,23.3
74.2,39.3,3.96,0.078,23.4
87.7,41.7,4.99,0.066,20.4
96.9,41.4,4.83,0.02,21.9
67.9,42.1,4.79,0.079,19.3
88.7,36.3,4.06,0.074,21.1
87.0,46.3,3.62,0.023,20.9
61.6,47.4,4.74,0.031,21.8
61.0,35.0,3.82,0.077,23.2
84.8,48.4,4.07,0.044,22.4
64.5,39.2,4.99,0.015,22.7
81.5,48.0,4.4,0.043,22.5
79.5,43.6,4.75,0.021,19.3
93.4,37.0,3.66,0.029,21.1
73.5,39.3,4.25,0.076,21.6
67.0,36.4,4.6,0.048,23.4
86.0,39.5,4.5,0.058,19.5
91.3,35.2,4.23,0.036,21.4
94.6,36.5,3.65,0.025,19.9
83.3,47.5,4.24,0.047,21.8
64.3,41.9,3.52,0.067,23.6
71.8,40.4,4.71,0.072,22.0
73.0,45.6,3.45,0.067,20.1
65.4,38.4,3.6,0.019,19.4
89.8,36.2,4.64,0.063,19.2
90.1,42.7,3.49,0.018,20.3
25.0,20.8,1.5,0.226,29.0
61.1,37.2,4.59,0.029,21.9
92.5,46.7,4.38,0.045,19.3
89.0,42.9,4.55,0.077,19.9
60.2,45.9,4.88,0.074,23.3
86.5,37.8,4.48,0.018,23.2
76.1,42.7,4.05,0.063,20.6
79.7,42.4,3.98,0.03,22.6
78.8,40.8,4.13,0.062,22.4
68.6,41.1,4.98,0.04,23.3
90.5,49.1,3.99,0.011,22.4
75.1,42.8,4.48,0.018,21.0
97.1,46.1,4.83,0.022,20.8
67.6,47.7,4.05,0.026,21.1
89.1,46.5,4.35,0.063,23.0
73.5,45.0,4.92,0.079,21.6
77.3,36.8,4.18,0.026,23.7
27.1,22.1,1.1,0.189,33.8
83.6,36.4,3.52,0.063,22.8
67.7,44.9,4.18,0.028,20.7
80.8,49.3,3.45,0.04,23.6
72.0,40.6,4.14,0.012,21.8
71.5,45.6,4.19,0.019,22.6
64.2,45.1,4.46,0.058,21.9
92.5,42.6,4.03,0.045,23.9
73.4,49.7,3.91,0.012,19.2
73.3,46.1,3.44,0.072,20.7
73.1,40.4,3.96,0.056,20.2
82.5,48.7,3.5,0.031,20.7
14.8,15.8,9.49,0.168,34.0
97.5,40.7,4.02,0.05,23.0
85.7,40.0,4.2,0.064,20.7
73.8,41.5,4.2,0.069,22.9
80.4,39.3,3.48,0.08,21.0
88.2,36.4,4.75,0.017,20.7
29.0,16.1,10.28,0.211,30.0
71.9,41.2,3.8,0.046,22.4
93.5,44.4,4.23,0.023,21.5
91.3,49.1,3.83,0.055,23.0
94.5,49.0,4.56,0.014,20.0
69.1,46.2,4.62,0.069,21.1
94.6,44.5,4.75,0.029,20.4
86.1,38.5,3.78,0.02,19.1
71.8,42.3,4.99,0.04,23.5
70.4,35.4,4.66,0.029,21.8
61.6,45.8,4.65,0.014,23.5
71.3,36.0,4.93,0.073,22.4
75.1,47.6,4.75,0.027,21.9
64.6,45.0,4.33,0.064,21.6
63.4,44.0,4.64,0.032,23.2
90.6,46.2,4.9,0.025,19.5
70.4,41.1,4.78,0.014,21.7
64.3,43.2,4.16,0.027,20.4
65.5,42.1,3.99,0.032,22.2
61.3,46.1,4.68,0.014,23.6
69.6,40.8,4.42,0.059,23.5
80.3,38.5,4.11,0.011,23.8
94.9,39.5,4.9,0.063,20.5
66.1,41.6,3.91,0.067,22.2
70.4,36.2,4.65,0.044,22.7
72.6,41.3,4.87,0.017,19.8
62.5,41.3,4.57,0.048,20.6
89.0,44.6,3.69,0.041,22.2
11.0,13.2,1.21,0.213,36.7
89.0,47.7,4.5,0.065,20.6
87.9,38.9,4.5,0.068,23.0
75.8,37.7,4.8,0.076,23.4
96.0,48.8,4.44,0.054,23.5
67.5,45.5,3.67,0.038,21.1
63.4,40.5,4.92,0.018,22.6
95.0,41.8,4.48,0.018,22.6
92.8,46.7,3.86,0.045,19.7
82.8,49.9,3.85,0.057,21.1
65.5,39.4,3.82,0.053,23.5
86.0,41.9,3.42,0.019,20.6
86.1,45.7,4.53,0.062,20.3
62.2,40.0,3.78,0.074,24.0
96.8,44.0,4.6,0.013,20.3
71.5,40.9,3.99,0.078,21.8
69.9,42.6,4.89,0.071,19.7
80.2,37.1,3.59,0.013,19.6
91.7,46.2,4.88,0.03,23.4
88.9,39.0,3.9,0.072,20.6
89.0,37.3,4.76,0.056,23.0
9.5,11.9,8.41,0.199,37.0
61.6,40.3,4.53,0.044,21.5
92.9,36.9,3.55,0.071,19.9
79.3,39.1,4.83,0.051,21.9
80.0,43.6,4.07,0.015,22.8
93.7,35.4,4.49,0.058,21.0
96.1,47.6,3.65,0.016,23.2
77.3,49.3,4.35,0.01,23.8
96.1,39.9,4.57,0.061,23.8
68.0,35.7,4.43,0.033,19.3
33.6,14.5,8.12,0.136,35.5
89.6,39.3,4.6,0.056,19.6
76.4,47.1,3.9,0.058,19.7
91.6,42.7,4.18,0.072,21.4
76.1,46.3,4.7,0.053,21.2
61.5,40.1,4.14,0.026,22.4
78.8,44.4,4.24,0.03,21.2
78.1,37.2,3.6,0.073,23.2
71.2,35.7,3.52,0.013,19.5
63.6,44.9,4.31,0.028,20.3
79.1,36.7,4.46,0.023,19.9
63.2,48.2,3.88,0.051,21.3
83.7,39.0,4.95,0.071,19.9
88.4,44.1,4.79,0.017,21.7
8.5,10.9,9.92,0.175,35.1
86.2,49.4,4.48,0.066,19.4
67.3,47.2,4.51,0.023,19.1
65.5,38.6,4.75,0.07,21.7
89.2,37.2,4.08,0.018,23.5
76.9,42.3,3.43,0.041,20.2
91.5,40.9,3.93,0.017,23.2
75.8,42.4,4.33,0.061,24.0
17.0,16.7,10.77,0.162,27.6
22.3,17.4,9.77,0.141,33.2
77.0,41.5,3.66,0.061,21.3
79.3,43.8,4.5,0.075,23.3
77.8,48.2,4.56,0.037,21.1
84.8,40.4,4.16,0.078,19.8
86.2,36.3,4.17,0.022,19.8
90.2,49.1,4.19,0.026,21.8
73.6,38.9,4.48,0.022,23.3
90.7,40.1,3.58,0.026,21.8
97.8,46.8,4.63,0.064,21.8
92.4,48.1,4.37,0.017,19.3
90.4,49.4,4.61,0.078,22.9
92.6,36.5,4.3,0.046,19.8
67.8,40.4,4.57,0.06,22.8
93.1,37.3,3.98,0.067,19.6
96.8,46.5,3.41,0.068,21.4
66.5,39.0,4.54,0.039,22.1
88.6,42.9,4.66,0.02,21.1
94.1,49.3,4.23,0.058,23.7
89.3,45.8,4.23,0.015,20.7
89.4,41.5,4.03,0.013,23.6
81.8,49.7,4.97,0.066,23.4
75.9,48.3,4.52,0.071,22.6
73.1,47.4,4.84,0.053,19.7
84.5,48.3,4.4,0.053,21.2
90.8,44.7,4.64,0.072,19.4
74.8,45.8,4.81,0.046,21.7
79.4,39.7,3.95,0.054,19.1
80.5,38.9,4.73,0.031,21.1
87.8,47.6,3.82,0.046,19.6
95.8,41.7,4.32,0.01,20.7
88.3,43.7,4.54,0.076,22.3
68.9,39.5,4.47,0.067,21.9
74.4,46.1,3.57,0.046,20.0
77.3,37.2,4.08,0.039,19.5
64.9,38.2,3.52,0.057,21.0
89.6,48.1,4.33,0.055,24.0
96.0,46.0,4.07,0.021,21.5
77.4,49.5,4.22,0.047,22.5
61.2,37.4,4.29,0.075,19.6
64.2,40.5,3.86,0.047,19.6
74.2,39.4,3.44,0.02,22.9
95.6,39.6,3.85,0.023,22.7
21.4,9.1,9.18,0.222,36.0
78.1,45.8,4.37,0.063,21.5
77.1,41.7,4.79,0.033,23.0
75.6,38.5,4.03,0.048,23.8
88.0,44.7,4.79,0.06,21.9
86.9,43.4,3.6,0.049,20.0
81.9,35.8,4.31,0.023,21.4
64.6,49.0,3.69,0.011,22.9
86.8,48.3,4.11,0.066,22.0
61.7,47.9,3.44,0.041,21.1
72.1,38.9,3.58,0.017,19.8
69.7,36.3,3.89,0.039,19.8
72.4,35.4,3.49,0.037,20.6
72.3,40.6,4.72,0.018,20.0
82.3,42.4,4.6,0.037,19.6
18.9,14.9,1.08,0.284,27.2
82.3,36.5,4.62,0.056,19.6
76.9,47.7,4.2,0.065,19.7
66.4,38.7,4.92,0.077,21.8
29.4,24.3,1.27,0.12,36.3
82.7,47.6,4.01,0.035,22.2
79.4,35.7,4.58,0.049,20.5
64.7,37.1,4.29,0.03,21.2
96.4,39.8,4.49,0.034,20.3
77.2,38.7,4.97,0.034,21.3
60.6,45.4,4.43,0.01,21.4
85.6,41.2,4.83,0.059,22.8
89.9,44.7,3.52,0.012,23.2
85.5,40.3,4.7,0.068,20.8
89.2,45.5,3.41,0.042,23.7
68.4,35.3,3.85,0.074,20.8
83.3,39.5,4.55,0.026,21.5
70.7,48.6,4.53,0.025,20.0
75.1,48.0,4.31,0.045,21.8
81.5,45.2,4.3,0.015,19.6
12.8,17.7,9.33,0.155,33.8
86.3,43.0,3.8,0.049,21.3
84.4,49.1,3.48,0.076,21.2
70.4,45.2,4.15,0.035,22.8
68.5,39.2,4.07,0.041,19.0
63.1,43.6,3.44,0.062,23.9
62.8,38.7,3.66,0.032,22.1
78.2,47.1,4.35,0.054,20.7
64.1,38.6,3.95,0.014,20.7
95.9,46.6,4.39,0.063,22.1
63.3,35.9,3.45,0.032,23.2
8.8,23.6,8.56,0.132,33.8
71.2,40.7,3.55,0.063,20.2
85.1,35.2,4.01,0.066,23.4
72.9,49.1,4.65,0.042,20.6
63.9,43.9,3.51,0.065,20.0
84.2,38.8,4.07,0.061,21.2
90.3,35.9,3.9,0.041,23.8
71.8,48.3,4.64,0.02,20.5
74.0,35.1,4.34,0.057,19.3
91.7,47.9,4.08,0.024,20.0
89.8,40.1,4.47,0.059,23.9
72.6,43.7,4.94,0.053,21.1
77.3,46.8,3.47,0.025,19.0
68.8,44.4,3.78,0.061,23.8
88.1,38.1,3.69,0.079,20.8
5.9,10.0,8.18,0.128,27.3
66.6,48.3,4.55,0.034,21.8
60.8,47.6,4.86,0.011,22.4
89.9,36.7,4.9,0.031,20.2
85.1,49.1,4.96,0.08,23.4
62.5,37.2,4.88,0.066,20.0
74.2,44.0,4.96,0.027,19.2
67.2,43.0,4.66,0.033,19.3
93.2,47.8,4.95,0.072,20.0
77.9,45.0,3.5,0.046,22.8
79.3,42.5,4.14,0.033,20.9
87.2,42.4,3.83,0.038,23.6
61.4,38.3,3.72,0.07,21.0
93.8,43.6,4.9,0.036,21.8
63.2,41.7,3.96,0.051,21.3
76.2,42.0,4.05,0.066,20.6
66.8,38.5,4.43,0.035,19.4
79.5,44.7,4.66,0.075,19.5
6.1,11.4,8.65,0.254,34.7
67.2,44.1,3.62,0.07,22.6
69.9,46.6,3.85,0.034,24.0
91.2,46.4,3.42,0.056,23.9
92.9,38.4,4.56,0.025,20.2
81.0,42.0,4.7,0.034,19.4
76.3,49.1,4.07,0.041,23.3
9.2,22.9,10.08,0.266,35.3
75.9,45.3,4.05,0.065,21.7
60.9,46.8,4.88,0.021,23.8
83.9,44.0,4.37,0.071,23.9
74.8,43.0,3.7,0.018,21.8
94.0,36.4,3.57,0.049,19.2
78.6,37.8,3.51,0.077,20.4
85.1,36.0,3.49,0.046,19.9
75.6,37.4,3.58,0.048,21.4
33.7,22.7,8.22,0.267,33.6
81.9,39.7,3.72,0.06,21.3
97.7,41.7,4.72,0.052,20.2
81.6,42.4,4.14,0.013,19.5
94.9,40.2,4.75,0.065,21.0
92.3,41.2,3.69,0.053,21.2
85.0,45.5,3.55,0.059,19.2
66.0,48.2,4.26,0.057,19.3
94.3,48.6,4.06,0.063,19.6
88.7,42.6,4.65,0.039,19.8
61.7,35.4,4.42,0.057,21.3
75.2,37.9,3.46,0.028,22.5
85.5,42.0,4.14,0.016,22.3
76.6,42.1,3.85,0.021,23.2
66.7,36.9,4.59,0.022,22.4
13.2,15.5,0.65,0.2,27.5
79.9,44.9,4.46,0.017,22.5
82.7,35.7,4.0,0.024,20.2
67.6,35.2,3.44,0.011,23.1
62.4,49.4,3.55,0.068,22.3
61.7,42.7,4.7,0.033,22.1
95.5,40.9,4.08,0.026,19.5
60.6,44.8,3.42,0.025,20.1
70.6,44.4,3.47,0.072,21.1
79.0,49.9,4.54,0.065,23.6
69.6,36.4,3.92,0.054,20.9
89.3,37.0,3.68,0.063,22.4
85.3,36.0,3.43,0.074,21.2
88.2,42.6,4.53,0.011,19.1
64.7,38.5,4.09,0.027,19.4
79.0,38.0,4.0,0.055,20.2
97.6,41.7,4.8,0.019,20.6
61.5,46.9,4.06,0.067,22.8
87.8,40.1,3.73,0.014,23.6
90.5,45.4,3.76,0.071,21.6
83.9,36.0,4.19,0.077,19.3
95.7,36.9,3.68,0.048,23.0
79.3,41.4,4.15,0.021,20.0
83.0,39.5,4.32,0.078,20.0
78.3,49.3,3.98,0.036,21.4
83.2,41.5,3.65,0.077,21.4
76.2,36.2,4.85,0.031,21.7
66.7,40.7,3.89,0.03,21.8
72.7,45.7,3.71,0.074,19.0
87.8,40.6,4.05,0.039,21.0
74.6,39.6,4.98,0.015,23.4
64.7,49.0,3.66,0.063,23.8
88.6,40.2,4.53,0.054,20.8
16.6,15.2,9.17,0.234,33.8
84.5,38.9,4.13,0.058,20.3
96.2,47.6,3.42,0.064,22.2
75.1,43.8,4.84,0.046,19.9
91.5,38.8,3.88,0.078,22.3
71.7,41.2,4.8,0.061,19.4
89.5,40.2,3.63,0.062,23.7
71.7,49.8,4.71,0.01,19.3
79.9,44.8,4.57,0.022,20.9
67.5,37.7,4.92,0.042,23.1
62.2,37.7,4.61,0.028,23.5
83.8,44.4,4.79,0.022,20.5
70.5,40.1,4.34,0.043,22.4
62.3,46.3,3.41,0.051,23.9
79.8,35.1,4.36,0.079,22.8
78.0,40.1,4.09,0.036,23.5
91.0,49.1,4.46,0.036,19.3
72.5,36.5,4.13,0.059,22.6
65.3,44.0,4.79,0.03,22.5
74.0,44.3,4.45,0.043,21.1
97.5,49.4,4.7,0.011,20.8
29.2,13.5,9.62,0.253,34.9
95.7,49.1,4.16,0.056,22.5
74.6,44.1,4.54,0.071,23.4
87.2,35.5,4.2,0.016,23.2
97.5,42.0,4.83,0.077,21.4
69.2,37.6,4.91,0.059,19.5
61.1,48.9,3.92,0.037,20.4
85.3,49.3,4.47,0.057,23.6
78.7,46.9,3.93,0.026,21.9
62.5,40.1,4.86,0.062,22.6
89.8,49.5,4.1,0.026,20.3
64.2,40.1,4.35,0.023,23.7
64.8,39.7,4.01,0.062,20.6
67.2,40.8,4.08,0.064,23.0
64.8,45.0,4.35,0.017,19.0
72.0,47.2,3.87,0.025,22.4
70.8,46.2,4.76,0.068,19.2
79.1,45.3,3.84,0.069,21.9
68.2,39.4,4.95,0.014,23.1
87.2,47.7,4.9,0.026,22.7
89.5,47.9,4.56,0.031,23.1
66.0,35.3,4.03,0.04,21.4
74.9,36.1,4.56,0.03,23.6
80.8,36.5,3.92,0.065,23.3
33.0,13.2,9.52,0.245,29.9
68.3,46.2,4.58,0.011,22.6
85.8,49.8,3.64,0.077,21.1
95.2,36.4,4.96,0.023,19.3
84.7,43.9,4.95,0.054,21.0
12.2,16.3,10.84,0.26,36.9
63.4,42.0,4.71,0.037,22.2
60.4,36.7,3.6,0.055,23.5
82.3,49.8,4.17,0.059,19.5
74.6,50.0,4.52,0.031,19.6
87.1,47.9,4.26,0.038,22.5
91.1,46.8,4.25,0.014,23.2
91.1,44.8,4.61,0.025,22.3
92.8,45.4,3.41,0.041,20.6
22.3,19.1,0.52,0.135,28.2
96.7,37.6,4.96,0.056,20.2
33.4,23.4,0.81,0.224,34.0
97.5,40.3,4.26,0.025,19.5
69.0,37.8,3.88,0.068,23.8
68.2,40.4,3.61,0.054,19.4
74.5,48.6,4.04,0.016,20.3
86.4,43.0,3.51,0.061,24.0
67.3,40.6,4.45,0.067,22.0
65.8,49.9,4.09,0.012,22.0
8.7,9.9,1.17,0.185,30.3
93.0,38.4,3.42,0.036,23.8
64.0,48.9,3.68,0.061,20.5
78.6,42.9,4.52,0.071,21.8
94.1,37.6,4.91,0.037,20.7
96.8,43.0,4.35,0.069,21.4
60.4,42.7,3.65,0.019,20.9
62.0,45.9,4.96,0.06,20.2
86.9,37.7,4.98,0.066,21.5
76.3,49.1,4.81,0.067,20.5
96.0,41.1,3.9,0.016,19.4
95.9,37.5,3.49,0.062,21.8
93.2,49.4,4.08,0.046,22.7
79.6,50.0,4.82,0.059,21.0
94.6,46.2,4.54,0.059,22.7
88.1,49.3,4.72,0.072,21.6
83.1,49.5,4.48,0.072,21.6
62.9,47.6,4.22,0.077,21.1
74.2,36.7,4.86,0.027,21.7
64.5,39.5,3.87,0.025,22.7
68.3,39.6,4.89,0.055,23.1
18.9,18.5,8.75,0.179,30.5
31.7,11.2,7.85,0.156,32.3
75.6,48.7,3.41,0.064,20.3
74.2,40.5,4.83,0.048,20.3
84.9,41.6,3.62,0.062,19.0
87.0,36.7,3.86,0.019,21.1
61.2,45.0,4.92,0.077,23.9
78.6,42.4,4.49,0.019,22.8
75.2,45.9,4.59,0.068,19.7
90.1,36.9,3.95,0.011,22.4
29.9,15.3,7.53,0.172,31.9
69.4,37.3,4.22,0.027,22.8
97.8,38.7,4.71,0.024,22.5
86.6,42.5,3.69,0.079,22.0
68.7,37.0,3.46,0.079,23.6
83.4,36.4,3.48,0.039,20.5
68.8,40.0,4.17,0.046,22.2
70.2,39.2,3.96,0.039,20.6
6.2,8.9,8.24,0.17,33.1
69.6,42.4,3.93,0.018,22.3
89.3,37.0,3.98,0.067,22.7
83.0,38.6,3.84,0.051,19.4
83.9,44.0,3.47,0.078,23.4
67.3,41.7,3.56,0.076,22.1
78.0,46.4,4.25,0.021,19.6
87.0,48.4,4.61,0.069,21.8
73.9,44.4,3.59,0.041,21.4
96.2,46.9,3.67,0.029,23.8
96.3,35.9,4.96,0.023,23.1
80.2,42.7,3.52,0.041,21.5
74.8,44.1,3.73,0.01,21.9
60.3,48.9,4.22,0.045,22.6
92.4,39.4,3.83,0.018,20.1
71.1,44.6,4.91,0.029,19.7
62.0,49.7,4.98,0.025,19.6
84.0,49.6,3.92,0.076,23.4
65.1,48.5,3.87,0.079,22.1
15.7,20.4,0.79,0.217,36.8
89.7,36.6,4.59,0.037,22.3
84.1,43.3,4.71,0.025,20.3
90.7,46.3,3.65,0.026,22.6
94.3,36.4,3.69,0.023,23.3
78.6,45.9,4.44,0.011,19.8
75.0,44.1,3.51,0.015,20.2
96.9,36.5,4.24,0.061,23.0
74.4,35.3,4.72,0.063,22.2
12.5,9.4,0.6,0.263,27.1
80.6,47.3,4.76,0.016,19.7
93.9,47.2,3.89,0.044,20.2
70.2,43.2,3.43,0.013,21.7
93.7,41.2,3.4,0.026,20.1
73.4,39.3,4.87,0.058,22.4
94.3,42.4,4.99,0.026,23.8
62.9,40.0,3.98,0.075,19.4
9.5,15.3,8.13,0.147,33.7
91.1,40.2,3.57,0.074,22.3
90.8,45.7,3.52,0.01,23.7
84.9,39.8,4.02,0.06,22.9
62.6,43.7,4.94,0.029,19.5
66.9,40.8,3.91,0.04,22.5
90.2,40.0,4.68,0.056,20.2
78.9,43.0,4.25,0.067,20.9
76.0,43.7,4.51,0.062,22.5
60.1,49.9,3.43,0.049,23.8
62.3,40.2,4.76,0.071,23.1
65.5,47.8,4.95,0.074,20.2
62.1,37.1,4.94,0.059,20.9
33.9,14.3,1.38,0.206,32.9
65.6,37.1,3.79,0.011,23.2
89.1,42.0,3.62,0.047,23.7
87.5,41.7,4.43,0.011,19.6
24.3,18.3,8.06,0.27,33.8
81.1,47.4,4.87,0.045,22.5
66.0,49.6,4.23,0.078,19.6
83.5,38.3,3.69,0.062,21.8
91.0,42.0,3.9,0.055,23.1
90.5,44.7,3.71,0.018,19.4
92.2,35.4,3.85,0.048,19.3
88.7,39.6,4.28,0.055,19.2
97.1,43.5,4.3,0.065,19.2
95.9,35.1,3.97,0.03,21.0
88.6,45.9,4.96,0.059,19.5
88.2,36.5,4.69,0.021,21.9
82.3,47.8,3.86,0.021,21.3
63.5,45.8,4.82,0.067,22.3
66.1,49.5,4.23,0.061,22.3
73.0,46.8,3.94,0.035,23.3
93.8,46.6,4.02,0.025,22.1
9.6,18.7,1.1,0.258,30.1
90.3,48.4,4.2,0.042,19.8
62.6,43.6,3.97,0.015,22.6
97.5,49.7,4.62,0.041,23.6
96.9,42.3,3.98,0.03,21.0
85.9,41.6,4.22,0.054,20.6
75.7,41.8,4.8,0.079,19.2
62.2,46.9,4.52,0.049,19.8
74.3,43.6,4.77,0.026,23.4
73.3,42.0,4.26,0.067,19.5
64.1,49.4,4.04,0.04,21.0
15.3,18.3,0.7,0.17,27.4
77.9,44.6,3.91,0.012,22.0
95.6,40.4,4.09,0.043,19.3
96.2,45.3,3.83,0.054,19.4
17.2,13.1,1.4,0.241,29.6
63.5,48.5,3.95,0.063,19.8
75.9,42.1,4.5,0.021,22.5
86.3,40.8,3.42,0.065,22.0
25.0,18.5,10.95,0.123,36.0
79.0,39.7,4.67,0.057,20.3
97.6,49.1,4.77,0.054,22.2
61.4,46.2,3.7,0.059,22.9
68.2,38.1,3.71,0.058,23.8
73.8,39.5,3.89,0.067,19.6
98.0,41.2,3.96,0.068,21.1
72.8,48.9,4.13,0.036,21.8
76.6,39.3,4.46,0.058,22.2
95.6,48.6,3.56,0.016,23.2
60.6,49.0,3.57,0.062,22.1
84.1,42.6,4.69,0.057,23.3
89.5,43.3,3.58,0.07,23.8
90.2,42.0,4.85,0.055,22.9
95.7,46.7,4.21,0.029,22.3
94.3,48.6,4.48,0.01,23.5
5.8,21.4,9.32,0.18,36.6
69.2,49.6,3.71,0.055,23.1
82.0,36.9,4.42,0.078,19.9
79.7,41.6,3.56,0.066,21.5
89.8,47.6,4.4,0.028,21.8
67.7,36.4,4.1,0.054,22.0
26.2,23.7,0.51,0.297,33.3
67.1,44.8,3.75,0.024,23.2
90.7,40.7,3.82,0.014,19.4
60.9,49.8,4.79,0.018,23.6
65.4,38.9,3.69,0.015,23.2
67.9,36.5,4.67,0.039,21.4
68.0,41.3,4.82,0.054,21.3
71.4,48.6,4.46,0.054,23.3
73.0,40.2,4.99,0.052,19.0
69.7,36.8,4.37,0.048,21.6
68.2,40.5,4.84,0.012,19.7
86.3,36.9,3.84,0.024,19.5
84.8,42.0,4.69,0.041,23.7
69.5,38.0,4.75,0.06,23.8
90.1,43.8,3.67,0.024,22.6
77.0,43.9,3.83,0.032,19.5
67.6,40.3,4.84,0.067,21.2
96.4,38.8,4.06,0.052,23.4
80.2,41.0,3.58,0.067,21.1
69.3,38.2,3.99,0.02,20.6
25.6,20.2,9.49,0.282,32.6
82.9,42.9,3.56,0.029,22.0
92.7,36.1,4.83,0.04,22.8
72.2,38.0,4.68,0.045,24.0
64.7,37.6,3.92,0.037,21.9
84.5,47.8,4.98,0.074,20.4
75.3,48.4,4.87,0.013,22.2
7.9,21.6,8.46,0.192,32.6
83.3,40.9,4.51,0.042,23.2
64.6,40.6,4.39,0.012,19.2
8.2,13.5,1.36,0.136,34.2
91.0,43.1,3.41,0.058,19.3
61.6,35.7,3.89,0.028,22.4
74.4,45.5,4.88,0.051,19.6
65.6,43.8,4.76,0.073,22.2
79.8,38.6,4.16,0.044,20.4
78.3,36.4,4.63,0.06,20.8
69.2,44.7,4.77,0.059,19.4
68.1,45.1,4.15,0.037,21.4
90.9,46.4,4.22,0.032,23.7
84.9,47.7,3.57,0.019,23.6
77.2,44.3,3.72,0.038,19.3
86.1,49.3,4.32,0.017,21.3
64.2,35.2,4.14,0.029,21.4
73.4,36.8,4.28,0.035,20.1
76.4,40.0,4.11,0.036,19.2
95.3,37.9,3.7,0.022,20.4
79.7,36.6,3.48,0.027,19.6
94.0,43.6,3.78,0.047,20.4
86.6,41.1,4.03,0.025,23.1
78.8,37.6,3.73,0.055,22.5
60.1,37.8,4.85,0.054,22.7
86.1,37.6,4.49,0.022,20.7
96.6,45.0,4.08,0.011,23.9
66.5,46.4,3.42,0.035,21.4
31.2,16.0,7.56,0.27,32.3
65.6,36.4,3.89,0.062,21.3
97.6,38.9,4.18,0.036,19.1
87.0,48.4,4.64,0.07,23.5
64.3,45.3,4.57,0.011,23.9
85.1,37.1,4.2,0.027,22.7
73.7,46.2,3.71,0.077,22.2
93.3,45.2,4.84,0.041,23.8
70.1,45.2,4.82,0.037,21.1
71.8,35.6,4.23,0.034,22.1
77.3,49.5,4.67,0.03,23.8
86.1,42.0,3.64,0.078,22.1
71.5,39.3,4.68,0.011,19.2
82.5,35.8,3.89,0.04,22.3
12.5,14.0,0.8,0.292,34.1
87.9,41.5,4.87,0.03,19.2
69.5,45.2,4.02,0.038,23.5
95.0,44.0,3.68,0.041,23.4
65.3,46.5,3.8,0.039,20.0
71.3,48.9,4.14,0.023,22.9
63.6,42.9,4.51,0.045,22.4
73.5,42.0,4.94,0.042,23.6
28.0,9.5,0.6,0.224,30.7
94.2,48.2,3.49,0.069,19.6
77.6,46.4,4.23,0.069,19.4
97.5,36.6,4.35,0.068,21.8
92.8,36.8,4.34,0.046,22.6
79.6,43.4,4.95,0.02,23.5
65.9,44.4,4.55,0.076,23.0
67.6,36.0,3.64,0.072,21.6
63.9,35.4,4.21,0.037,23.6
78.4,37.8,3.78,0.069,20.3
76.7,44.9,3.6,0.02,19.1
88.3,38.6,4.22,0.059,20.0
71.0,36.5,4.34,0.036,20.4
90.4,42.0,4.7,0.02,20.4
74.8,43.7,3.45,0.056,22.3
94.5,40.3,3.62,0.072,21.3
9.7,16.5,8.24,0.212,28.7
84.9,43.4,4.14,0.07,19.7
85.0,48.9,3.51,0.069,21.4
83.0,37.7,4.53,0.045,22.3
86.5,43.8,4.33,0.051,23.1
5.9,20.5,9.83,0.288,31.8
97.3,47.1,4.57,0.027,23.5
93.9,46.3,4.07,0.015,22.1
92.2,36.1,4.62,0.052,23.2
72.2,45.5,4.0,0.079,21.9
69.6,41.6,3.86,0.024,19.8
90.7,37.9,4.33,0.054,22.3
90.8,48.4,3.98,0.039,21.7
10.6,20.4,9.75,0.154,29.1
79.0,40.3,4.84,0.07,23.0
83.8,48.1,4.31,0.019,21.6
79.0,35.8,4.26,0.012,23.1
91.5,40.9,3.97,0.071,19.8
80.3,38.6,4.23,0.053,20.6
80.7,48.4,4.33,0.076,23.9
61.2,41.3,3.72,0.072,19.3
91.0,39.9,4.61,0.074,19.3
90.6,43.5,4.38,0.068,23.0
62.7,41.2,4.58,0.075,23.4
64.9,45.8,3.57,0.045,20.1
78.1,46.7,4.8,0.026,23.7
28.5,11.3,1.25,0.219,27.5
86.4,41.4,4.08,0.02,21.2
97.3,40.5,3.71,0.041,19.3
82.4,38.4,4.6,0.072,23.0
97.7,35.2,4.55,0.067,19.4
66.9,35.7,3.96,0.056,20.2
83.0,42.2,3.6,0.015,20.3
78.8,46.0,3.97,0.074,20.1
95.8,46.7,3.87,0.056,21.6
86.5,42.6,3.49,0.073,22.5
70.6,38.1,3.62,0.078,20.2
68.0,40.6,4.71,0.02,23.9
84.7,41.8,3.58,0.045,19.2
74.6,47.4,3.54,0.03,22.0
92.8,40.8,3.47,0.024,19.9
62.0,39.6,4.27,0.034,19.1
93.9,48.8,4.85,0.067,22.0
73.0,47.4,4.09,0.04,22.6
62.2,36.6,4.02,0.06,22.4
95.6,42.0,4.32,0.05,21.6
74.5,46.2,4.88,0.019,19.1
96.1,36.3,3.8,0.048,20.7
83.4,40.4,4.45,0.065,23.1
64.7,43.5,3.91,0.029,19.9
76.7,42.0,4.95,0.044,23.2
62.2,49.1,3.84,0.053,20.6
10.4,21.0,0.79,0.161,28.7
84.9,38.5,4.45,0.023,21.5
72.1,43.3,3.76,0.077,24.0
60.6,47.7,4.76,0.048,19.2
64.1,42.6,3.58,0.015,20.0
91.5,45.2,3.51,0.04,20.4
23.2,14.1,10.64,0.205,36.7
66.1,35.7,4.89,0.074,19.1
90.7,42.7,4.65,0.046,21.9
68.2,47.5,3.45,0.061,20.9
63.0,36.2,4.9,0.026,21.5
80.8,41.3,4.57,0.069,21.6
19.2,16.9,8.44,0.284,30.3
97.1,38.5,3.9,0.078,22.5
96.4,41.1,3.53,0.049,19.4
78.4,38.5,4.66,0.026,23.1
95.2,38.7,4.85,0.057,22.3
90.2,40.1,3.59,0.039,21.5
78.8,48.2,3.72,0.023,21.3
75.9,46.5,4.54,0.043,19.5
91.7,35.4,3.67,0.015,21.6
74.7,41.3,3.6,0.059,20.2
72.8,47.4,3.94,0.053,19.5
62.8,48.8,4.92,0.074,22.2
76.6,46.4,4.52,0.061,22.6
91.2,42.6,3.64,0.011,22.0
77.2,39.8,3.68,0.061,20.4
68.8,42.4,3.48,0.046,21.6
95.3,39.3,4.01,0.063,23.8
33.4,23.0,9.01,0.224,33.2
70.8,36.8,3.84,0.041,23.4
94.9,49.8,4.61,0.075,22.3
67.9,47.6,4.61,0.012,23.5
80.5,47.0,3.41,0.068,19.1
95.8,43.6,4.57,0.046,23.2
64.2,45.6,4.75,0.041,21.2
92.9,49.9,4.57,0.018,20.8
28.8,20.4,9.27,0.202,34.4
62.8,45.3,4.83,0.013,19.5
79.8,37.9,4.29,0.069,22.1
83.8,38.7,4.34,0.071,20.1
77.9,42.3,3.7,0.045,19.7
63.4,42.7,4.56,0.025,21.2
83.2,45.6,3.46,0.058,22.1
68.9,40.2,4.25,0.077,23.4
93.3,45.0,4.18,0.054,22.0
71.2,38.3,4.94,0.073,22.8
77.0,38.7,4.08,0.022,23.8
73.2,41.0,3.6,0.072,23.2
82.8,45.3,3.45,0.029,20.1
75.5,43.4,3.92,0.057,21.1
76.2,38.9,3.49,0.044,20.1
61.7,41.7,3.75,0.071,21.7
64.2,49.5,4.38,0.019,21.7
60.8,40.7,4.65,0.033,20.8
62.4,35.7,3.74,0.047,23.9
75.0,45.8,3.86,0.021,20.9
81.0,38.7,3.42,0.069,22.8
79.1,46.9,3.47,0.03,19.1
86.1,35.5,4.6,0.067,20.9
91.1,48.1,4.78,0.015,21.5
87.8,35.3,4.59,0.048,23.6
82.4,40.9,4.73,0.07,22.9
88.3,39.5,4.13,0.017,23.8
74.3,41.4,3.76,0.038,20.4
86.7,42.6,4.01,0.08,22.6
89.0,45.7,4.12,0.05,19.1
77.0,42.2,3.57,0.032,19.7
63.2,43.4,3.73,0.076,22.0
75.3,47.6,4.24,0.069,22.8
19.8,15.0,1.44,0.178,32.7
60.2,45.4,4.61,0.066,21.7
84.8,39.8,4.53,0.046,23.3
63.1,36.6,4.52,0.036,22.8
88.4,37.5,4.1,0.078,19.2
66.5,47.0,4.18,0.062,21.7
71.3,41.5,3.87,0.075,22.4
83.4,40.6,4.44,0.02,21.6
83.3,45.7,4.23,0.028,21.3
95.2,45.8,4.76,0.019,21.6
60.4,41.2,3.64,0.015,23.9
67.1,45.4,4.26,0.033,19.3
65.9,40.3,4.29,0.026,22.1
70.4,47.3,4.79,0.051,20.5
75.3,38.8,4.27,0.056,19.4
87.8,39.2,3.82,0.017,23.0
89.1,40.0,4.64,0.051,20.4
93.1,45.0,4.16,0.022,22.9
63.5,47.1,3.63,0.022,23.4
94.0,35.8,4.22,0.041,22.3
79.0,36.8,4.3,0.036,20.9
71.8,42.8,4.25,0.072,23.2
95.9,47.5,4.54,0.069,21.8
90.0,45.3,4.29,0.04,20.7
16.0,15.9,1.34,0.231,35.8
67.3,40.6,4.89,0.08,20.0
67.4,43.8,3.93,0.074,23.6
60.5,39.1,4.44,0.055,21.0
86.8,39.1,3.49,0.05,19.2
77.9,44.1,4.13,0.022,22.7
80.7,36.6,3.99,0.053,22.6
66.7,47.8,3.53,0.068,19.6
87.0,39.7,4.77,0.029,23.3
88.0,40.0,4.48,0.073,23.5
97.5,45.8,3.99,0.011,22.3
85.4,35.9,3.71,0.063,19.7
66.6,35.7,4.37,0.058,21.0
92.0,49.1,3.9,0.049,19.6
91.8,36.3,4.89,0.016,23.6
63.3,39.8,4.4,0.011,19.8
24.1,15.8,10.8,0.271,33.4
67.3,46.3,3.61,0.014,22.5
65.3,39.7,3.76,0.023,23.4
71.2,45.5,3.82,0.044,21.9
84.4,41.7,4.41,0.068,19.2
74.7,43.1,3.74,0.059,20.7
90.3,38.1,4.52,0.045,23.1
63.4,46.6,3.81,0.043,19.2
85.0,37.8,3.62,0.051,20.9
82.4,35.5,4.52,0.054,23.3
17.6,13.7,7.85,0.175,31.7
60.8,47.1,4.13,0.05,21.2
91.7,38.8,4.0,0.034,22.4
96.9,48.2,4.62,0.073,21.5
89.4,49.3,4.04,0.012,21.6
93.7,49.5,4.91,0.024,23.9
64.9,40.0,4.94,0.078,20.5
90.5,41.9,3.66,0.01,19.7
71.4,36.2,3.78,0.024,19.5
86.0,47.7,4.0,0.043,20.7
86.1,45.5,4.86,0.057,23.2
89.0,36.4,3.61,0.063,19.7
94.1,47.3,4.57,0.04,21.0
19.6,20.6,1.22,0.258,30.7
91.3,44.2,4.6,0.074,22.2
67.1,38.2,4.1,0.034,22.3
70.8,40.8,4.71,0.012,23.8
66.2,45.2,4.73,0.043,19.4
63.9,47.9,4.69,0.011,20.6
74.6,41.8,4.18,0.077,21.0
71.5,38.9,4.41,0.052,23.0
74.2,42.1,3.94,0.047,20.8
97.3,43.0,4.01,0.057,19.8
95.5,43.9,3.72,0.067,22.6
61.8,39.2,3.59,0.044,20.8
86.1,38.8,3.94,0.031,23.1
66.8,40.4,3.43,0.033,22.2
73.6,35.5,4.58,0.027,19.4
87.6,44.5,4.09,0.029,23.9
69.3,47.4,4.74,0.061,21.6
62.9,40.6,3.63,0.078,22.2
74.5,49.7,3.53,0.075,22.7
60.9,49.3,3.81,0.056,23.4
76.5,36.7,3.71,0.028,20.5
92.5,38.7,4.68,0.036,21.4
76.6,46.2,4.65,0.029,22.4
94.6,45.2,3.84,0.039,19.1
64.9,39.0,4.36,0.078,20.6
60.7,39.9,3.5,0.03,22.6
82.3,44.5,3.93,0.037,23.6
15.2,13.9,9.12,0.158,34.0
69.7,35.5,4.76,0.078,22.2
73.1,38.1,4.98,0.036,20.5
85.6,35.4,4.4,0.022,20.8
97.8,35.4,4.96,0.049,21.5
95.0,37.0,4.37,0.069,19.5
97.7,43.6,3.69,0.021,22.9
75.2,41.1,4.6,0.039,22.0
73.8,36.6,4.82,0.077,22.8
80.4,40.9,4.77,0.045,21.3
77.1,48.9,3.68,0.03,21.7
77.6,37.6,4.85,0.037,22.3
75.6,44.5,4.39,0.02,22.1
82.8,46.0,4.91,0.033,20.2
77.9,36.4,3.99,0.062,23.4
81.0,48.0,4.76,0.021,20.8
66.7,49.1,4.87,0.033,20.5
67.9,41.9,3.79,0.052,23.9
97.0,42.5,3.58,0.052,20.7
66.1,41.9,4.94,0.01,19.2
92.9,49.9,4.78,0.015,21.1
87.2,36.8,4.64,0.055,21.7
19.4,20.3,0.81,0.185,34.2
84.7,41.4,3.6,0.02,20.3
88.6,36.7,3.67,0.039,20.7
90.2,38.2,3.56,0.055,19.4
78.7,38.7,3.82,0.031,21.2
86.6,43.5,4.35,0.063,19.7
68.4,40.6,3.98,0.03,23.7
84.1,42.1,4.1,0.031,22.7
65.6,39.4,4.01,0.055,19.1
71.5,43.8,3.82,0.06,22.7
75.4,44.3,3.67,0.034,19.8
71.9,40.6,4.78,0.044,19.8
66.7,48.5,3.42,0.076,20.7
68.5,39.2,4.64,0.065,22.2
77.5,48.7,4.85,0.069,23.2
79.9,38.4,3.72,0.056,21.0
72.5,36.0,4.29,0.047,22.7
96.9,35.8,4.31,0.027,20.3
86.2,44.8,3.79,0.058,21.3
23.3,17.4,0.53,0.283,28.3
67.9,38.7,4.62,0.043,19.5
61.9,46.9,3.52,0.043,21.2
63.8,43.8,4.36,0.031,19.0
94.4,45.8,4.11,0.055,21.9
88.7,49.9,3.8,0.039,20.4
72.5,42.2,3.85,0.055,20.3
73.0,45.2,4.2,0.054,19.6
66.9,35.1,4.83,0.046,21.5
88.9,45.1,3.55,0.07,20.7
91.3,37.9,3.57,0.026,20.5
89.1,42.1,4.5,0.075,20.1
72.3,37.9,4.03,0.022,19.8
72.4,42.7,4.16,0.052,21.1
68.7,38.9,4.89,0.068,20.9
87.6,47.4,3.9,0.032,21.8
60.2,49.1,3.49,0.039,22.2
77.4,39.1,4.71,0.024,22.3
91.6,35.4,4.08,0.037,21.8
90.3,44.3,4.1,0.029,19.4
87.5,49.1,4.35,0.077,23.7
74.8,49.4,4.53,0.027,23.9
62.3,35.8,3.95,0.048,21.2
77.9,48.2,3.52,0.078,22.7
93.2,43.8,4.32,0.049,21.2
80.8,44.9,4.29,0.067,22.4
89.3,48.1,4.52,0.062,23.8
89.4,46.2,3.74,0.032,20.1
67.6,49.6,3.81,0.052,23.7
84.4,41.4,4.69,0.066,23.2
34.7,14.3,10.98,0.262,31.9
84.1,46.0,4.3,0.078,22.9
90.3,47.7,3.54,0.075,22.1
88.6,46.5,4.09,0.029,21.3
88.1,44.8,3.52,0.055,20.7
86.3,47.3,4.09,0.012,21.9
29.8,8.3,9.0,0.274,32.8
80.2,44.8,3.72,0.068,23.6
87.2,43.7,3.7,0.02,20.5
80.3,49.2,3.46,0.019,20.7
31.1,23.8,1.32,0.196,29.7
68.3,40.3,3.62,0.073,21.2
74.3,41.7,4.59,0.062,20.9
75.2,38.1,4.01,0.067,19.5
94.7,45.9,3.59,0.063,19.6
83.0,46.2,3.91,0.023,23.9
73.7,38.8,3.58,0.042,19.0
75.2,47.9,3.97,0.076,23.2
92.2,39.5,5.0,0.016,22.2
77.9,49.3,3.84,0.055,20.6
69.5,43.5,3.6,0.021,22.5
62.3,47.0,4.79,0.056,20.9
66.0,37.6,4.9,0.078,22.7
66.9,48.2,3.58,0.021,21.5
83.8,48.6,3.82,0.032,22.9
93.8,35.5,4.8,0.074,19.2
82.7,42.9,3.65,0.011,23.5
97.6,36.7,4.16,0.079,23.3
65.1,44.0,4.42,0.032,21.3
64.9,44.8,3.98,0.053,22.6
88.5,47.8,3.71,0.025,19.6
68.6,36.2,3.55,0.038,23.4
68.6,37.8,4.45,0.033,23.9
79.8,43.7,4.81,0.063,19.7
85.1,43.7,4.9,0.012,23.5
61.8,38.0,3.69,0.02,19.2
66.2,39.8,4.32,0.044,20.7
91.0,43.7,4.12,0.025,22.1
64.5,39.2,4.63,0.075,20.7
69.7,47.1,4.18,0.048,22.3
73.0,42.8,3.5,0.036,22.2
64.8,38.4,4.13,0.018,21.8
93.2,39.6,4.1,0.079,19.4
79.2,41.0,4.91,0.08,20.0
68.4,35.3,4.57,0.035,22.0
92.7,42.9,4.68,0.035,20.2
80.2,40.6,3.56,0.022,22.2
92.0,46.3,3.64,0.076,22.0
70.6,49.4,4.92,0.031,23.5
94.0,42.0,3.62,0.076,19.0
81.1,39.7,4.88,0.053,23.8
17.3,10.4,1.55,0.19,28.6
82.5,38.7,3.96,0.026,23.7
75.3,45.9,4.34,0.057,20.0
70.5,39.9,4.42,0.046,21.6
82.7,38.5,4.1,0.068,21.7
65.8,48.2,4.61,0.06,23.4
61.6,47.6,3.81,0.054,21.1
87.0,48.0,4.18,0.03,21.6
87.8,49.4,4.78,0.027,23.2
86.7,41.5,3.49,0.017,22.8
87.8,48.6,4.42,0.033,22.3
73.6,35.2,4.54,0.044,21.9
76.5,39.0,5.0,0.068,21.4
81.5,44.1,4.79,0.057,19.2
91.9,44.6,3.56,0.017,23.8
82.0,45.6,4.37,0.067,22.6
24.4,15.5,1.05,0.289,35.1
89.5,45.0,3.44,0.05,19.1
63.8,48.8,4.68,0.061,23.2
91.1,40.2,4.96,0.027,21.2
18.7,24.8,0.77,0.221,35.6
88.1,46.3,4.65,0.022,21.5
73.4,43.1,4.69,0.078,20.6
94.7,36.4,4.05,0.054,22.2
67.7,47.8,4.18,0.034,21.2
66.1,37.5,3.43,0.023,20.6
84.4,39.4,4.3,0.022,22.1
7.8,20.1,9.82,0.146,30.4
65.1,40.8,4.75,0.062,23.4
83.3,49.6,3.92,0.026,23.1
65.9,49.9,3.44,0.026,22.5
93.3,41.6,4.7,0.02,20.5
92.6,42.2,4.1,0.049,24.0
67.1,42.8,4.04,0.05,23.5
69.9,47.0,3.98,0.066,21.2
95.2,38.5,4.26,0.015,22.5
91.4,45.5,4.67,0.051,19.5
97.4,45.6,4.26,0.017,23.1
73.2,45.5,4.96,0.067,20.1
91.8,41.9,4.1,0.051,19.3
60.8,41.7,4.44,0.073,21.4
62.4,40.3,4.93,0.029,20.3
61.0,44.0,4.09,0.064,19.7
85.1,39.6,4.52,0.031,20.2
79.3,41.1,4.63,0.079,21.9
96.9,35.8,4.61,0.051,22.9
6.9,15.0,0.63,0.27,27.3
87.7,40.0,3.55,0.038,22.5
90.6,40.7,4.16,0.069,19.9
66.7,41.5,3.8,0.016,20.3
73.3,44.7,3.53,0.042,19.5
93.4,35.9,4.29,0.058,19.5
34.6,8.2,8.57,0.275,36.6
83.6,37.7,3.75,0.034,23.4
82.8,43.6,4.83,0.059,23.4
65.7,47.3,3.45,0.013,21.7
95.7,47.1,3.9,0.03,20.7
79.7,48.5,4.2,0.052,24.0
95.6,48.9,4.28,0.037,21.2
81.1,40.1,3.99,0.027,23.1
75.4,40.4,4.87,0.074,23.1
86.9,47.6,3.56,0.046,22.3
80.0,43.6,4.25,0.038,21.7
72.2,41.7,3.72,0.076,21.1
63.1,35.4,3.57,0.049,22.0
97.7,46.6,4.63,0.059,21.6
33.4,13.2,1.22,0.235,34.4
61.8,39.5,3.7,0.077,19.3
93.2,46.1,4.24,0.022,20.9
94.6,36.5,4.92,0.072,22.6
11.1,11.5,7.55,0.157,33.9
60.2,38.6,4.7,0.068,23.9
